{"cameraMode":{"drawMode":0,"name":"Shaded","section":"Shading Mode"},"sceneLighting":true,"audioPlay":false,"sceneViewState":{"showFog":true,"showMaterialUpdate":false,"showSkybox":true,"showFlares":true,"showImageEffects":true,"showParticleSystems":true},"in2DMode":false,"pivot":{"x":0.19988790154457093,"y":0.33464980125427248,"z":0.32492828369140627},"rotation":{"x":0.0011898331576958299,"y":0.015596511773765087,"z":0.0000185068365681218,"w":-0.9998776912689209},"size":10.683656692504883,"orthographic":false}